-- Fake data generated using Faker library
-- Generated automatically for testing purposes

-- Start transaction for atomicity
BEGIN;

-- Defer constraint checking until commit
SET CONSTRAINTS ALL DEFERRED;

-- Clear existing data
TRUNCATE TABLE employee_course_instance CASCADE;
TRUNCATE TABLE planned_activity CASCADE;
TRUNCATE TABLE course_instance CASCADE;
TRUNCATE TABLE employee CASCADE;
TRUNCATE TABLE department CASCADE;
TRUNCATE TABLE teaching_activity CASCADE;
TRUNCATE TABLE person CASCADE;
TRUNCATE TABLE job_title CASCADE;
TRUNCATE TABLE study_period CASCADE;
TRUNCATE TABLE course_layout CASCADE;


-- Course layouts (10 rows)
INSERT INTO course_layout (course_code, course_name, min_students, max_students, hp) VALUES
('CS754', 'Customizable 4thgeneration support', 15, 28, 7.5),
('CS381', 'Fully-configurable directional challenge', 9, 34, 15),
('CS854', 'Customer-focused systematic support', 7, 23, 7.5),
('CS658', 'Cross-group optimizing interface', 14, 37, 7.5),
('CS132', 'Assimilated background data-warehouse', 5, 20, 15),
('CS338', 'Profit-focused real-time algorithm', 8, 50, 7.5),
('CS674', 'Exclusive transitional projection', 13, 29, 30),
('CS818', 'Quality-focused intangible definition', 8, 46, 22.5),
('CS559', 'Reverse-engineered even-keeled workforce', 5, 25, 30),
('CS990', 'Adaptive well-modulated workforce', 10, 28, 15);

-- Study periods (8 rows)
INSERT INTO study_period (code, factor) VALUES
('P1', 'Period 1 (Sep-Oct)'),
('P2', 'Period 2 (Nov-Jan)'),
('P3', 'Period 3 (Jan-Mar)'),
('P4', 'Period 4 (Mar-Jun)'),
('H1', 'First half (Sep-Jan)'),
('H2', 'Second half (Jan-Jun)'),
('HT', 'Autumn term'),
('VT', 'Spring term');

-- Job titles (10 rows)
INSERT INTO job_title (job_title) VALUES
('Professor'),
('Associate Professor'),
('Assistant Professor'),
('Senior Lecturer'),
('Lecturer'),
('Teaching Assistant'),
('Lab Assistant'),
('Research Assistant'),
('Administrative Staff'),
('Department Head');

-- Persons (50 rows)
INSERT INTO person (personal_number, first_name, last_name, phone_number, adress, email) VALUES
('196209150001', 'Rolf', 'Friberg', '0735116155', 'Backvägen 1', 'santonsson@example.net'),
('198503100002', 'Maria', 'Lilja', '0710341316', 'Ektorget 25', 'jan41@example.net'),
('198512300003', 'Anna', 'Eriksson', '0776483503', 'Strandvägen 395', 'emmaivarsson@example.net'),
('197705140004', 'Kevin', 'Eriksson', '0788496965', 'Ängsvägen 012', 'lenajohansson@example.org'),
('197309260005', 'Charlotte', 'Johansson', '0748018451', 'Nyvägen 482', 'selinleo@example.net'),
('197910040006', 'Ingvar', 'Holst', '0728809570', 'Bäcktorget 30', 'mariasoderstrom@example.org'),
('199009290007', 'Lisbet', 'Wiklund', '0782278248', 'Aspstigen 3', 'peter57@example.net'),
('197701020008', 'Jörgen', 'Andersson', '0709839301', 'Ringgatan 18', 'larsjonsson@example.net'),
('196105130009', 'Saga', 'Larsson', '0773763116', 'Skolvägen 0', 'anderssoningrid@example.org'),
('196701250010', 'Hussein', 'Johansson', '0762473178', 'Ekstigen 132', 'njosefsson@example.com'),
('199902070011', 'Göran', 'Abdullah', '0764746872', 'Grangatan 8', 'norenbertil@example.net'),
('197803310012', 'Nina', 'Karlsson', '0708121913', 'Bäckstigen 990', 'johanssoncarina@example.net'),
('197005210013', 'Kasper', 'Mattsson', '0753462475', 'Trädgårdsstigen 1', 'knutssonalice@example.org'),
('200008110014', 'Marianne', 'Sjögren', '0754278498', 'Aspgränd 241', 'nordstromgunnar@example.com'),
('198407080015', 'Ingegerd', 'Eklund', '0748740164', 'Industritorget 427', 'hlarsson@example.org'),
('200103100016', 'Gunilla', 'Boström', '0705982620', 'Bäcktorget 533', 'henrikssonbarbro@example.com'),
('200208070017', 'Johanna', 'Svensson', '0732260256', 'Nytorget 1', 'esingh@example.org'),
('196408290018', 'Nina', 'Hellström', '0733036541', 'Ekstigen 85', 'bergmantherese@example.org'),
('198305010019', 'Vendela', 'Andersson', '0796556981', 'Storgatan 6', 'karlssonlinnea@example.net'),
('199002180020', 'Jenny', 'Mattsson', '0756159514', 'Industrivägen 4', 'hakanmalmqvist@example.com'),
('198801260021', 'Michaela', 'Lindström', '0746804436', 'Trädgårdsvägen 3', 'yosman@example.net'),
('196303130022', 'Christian', 'Karlsson', '0795134332', 'Idrottsvägen 1', 'ojensen@example.net'),
('196405290023', 'Hanna', 'Jörgensen', '0732016328', 'Kyrkogatan 727', 'sofia79@example.net'),
('199808040024', 'Rune', 'Sundberg', '0772774348', 'Storvägen 434', 'martin81@example.org'),
('196204100025', 'Patrik', 'Brodin', '0731665876', 'Fabriksvägen 90', 'wjonsson@example.com'),
('199110200026', 'Maria', 'Törnqvist', '0768893734', 'Björkvägen 62', 'nsvensson@example.net'),
('195603150027', 'Per', 'Larsson', '0701627204', 'Granvägen 56', 'josefin64@example.org'),
('197712050028', 'Johanna', 'Andersson', '0753100330', 'Skogsvägen 1', 'tomasfalk@example.com'),
('196302070029', 'Dagny', 'Norén', '0712419049', 'Stationsgatan 931', 'margaretha91@example.net'),
('199303250030', 'Muhammad', 'Johansson', '0751850671', 'Ektorget 26', 'irmawallin@example.com'),
('198501220031', 'Nora', 'Olsson', '0776945314', 'Furuvägen 9', 'fhasan@example.com'),
('196310170032', 'Jan', 'Palm', '0754948083', 'Backvägen 83', 'flundqvist@example.com'),
('199309260033', 'Daniel', 'Engström', '0734957885', 'Parkgränd 44', 'johan35@example.org'),
('199104140034', 'Sofia', 'Mårtensson', '0733749894', 'Kyrkgatan 24', 'nilssonerik@example.org'),
('200208150035', 'Annika', 'Nilsson', '0727109477', 'Nygatan 71', 'jakobssoncarl@example.net'),
('198807080036', 'Gunnar', 'Persson', '0741318699', 'Trädgårdsvägen 96', 'birgitta09@example.net'),
('195909290037', 'Karin', 'Lund', '0741232812', 'Trädgårdsgränd 7', 'andreas44@example.net'),
('199701010038', 'Carl', 'Eriksson', '0749361832', 'Ringgatan 499', 'stefan74@example.net'),
('197408090039', 'Kristian', 'Kristensson', '0771906594', 'Idrottsgränd 9', 'ostmaneva@example.com'),
('198302130040', 'Karin', 'Dahl', '0787429671', 'Skolvägen 12', 'rickard74@example.net'),
('200103130041', 'Linnéa', 'Larsson', '0771545168', 'Skolgatan 859', 'wlund@example.org'),
('196411090042', 'Anneli', 'Svensson', '0777109324', 'Ringgatan 712', 'ssvensson@example.net'),
('198906120043', 'Robert', 'Jonsson', '0773782639', 'Stortorget 58', 'louise44@example.net'),
('198304190044', 'Erika', 'Sandell', '0778755886', 'Åkergatan 3', 'xeriksson@example.com'),
('195701080045', 'Jessica', 'Nilsson', '0766270289', 'Åkertorget 18', 'jalexandersson@example.com'),
('199707230046', 'Therese', 'Andersson', '0745961586', 'Åkerstigen 913', 'zahra16@example.org'),
('199202210047', 'Helena', 'Berg', '0724005045', 'Skogsgatan 6', 'hampusantonsson@example.com'),
('198503310048', 'Jonas', 'Sundström', '0723747407', 'Ringvägen 94', 'dmoller@example.com'),
('196408230049', 'Patrik', 'Jonsson', '0736959440', 'Björkstigen 0', 'spettersson@example.org'),
('198408170050', 'Nils', 'Lundgren', '0794210470', 'Ringvägen 62', 'erikkrantz@example.com');

-- Departments (5 rows)
INSERT INTO department (department_name, manager_id) VALUES
('Computer Science', '14'),
('Mathematics', '49'),
('Physics', '22'),
('Electrical Engineering', '7'),
('Software Engineering', '6');

-- Teaching activities (7 rows)
INSERT INTO teaching_activity (activity_name, factor) VALUES
('Lecture', 1),
('Lab', 2),
('Seminar', 1),
('Tutorial', 2),
('Project supervision', 3),
('Exam grading', 1),
('Course administration', 1);

-- Employees (50 rows)
INSERT INTO employee (employee_id, personal_number, job_title, skill_set, salary, department_name, manager, person_id, department_id) VALUES
(1, '196209150001', 'Lab Assistant', NULL, 26584, 'Physics', FALSE, '196209150001', 'Physics'),
(2, '198503100002', 'Teaching Assistant', NULL, 39891, 'Physics', FALSE, '198503100002', 'Physics'),
(3, '198512300003', 'Professor', 'Progressive motivating flexibility, Down-sized eco-centric matrices, Implemented value-added Graphical User Interface, Customizable maximized archive, Digitized web-enabled definition', 87571, 'Computer Science', TRUE, '198512300003', 'Computer Science'),
(4, '197705140004', 'Lab Assistant', NULL, 26291, 'Software Engineering', FALSE, '197705140004', 'Software Engineering'),
(5, '197309260005', 'Lecturer', 'Synergistic uniform service-desk, Object-based next generation hierarchy, Cross-group hybrid access, Fundamental national capability', 54459, 'Mathematics', FALSE, '197309260005', 'Mathematics'),
(6, '197910040006', 'Associate Professor', 'Persevering holistic service-desk, User-friendly systematic firmware', 70834, 'Mathematics', FALSE, '197910040006', 'Mathematics'),
(7, '199009290007', 'Lecturer', 'Reduced homogeneous productivity, Multi-layered bi-directional service-desk', 59013, 'Mathematics', FALSE, '199009290007', 'Mathematics'),
(8, '197701020008', 'Associate Professor', 'Focused methodical algorithm, Secured next generation Graphic Interface, Seamless directional project, Cloned scalable Local Area Network, Total exuding projection', 64554, 'Electrical Engineering', FALSE, '197701020008', 'Electrical Engineering'),
(9, '196105130009', 'Teaching Assistant', NULL, 32664, 'Physics', FALSE, '196105130009', 'Physics'),
(10, '196701250010', 'Teaching Assistant', NULL, 33432, 'Physics', FALSE, '196701250010', 'Physics'),
(11, '199902070011', 'Associate Professor', 'Open-source bifurcated challenge, Balanced 5thgeneration framework, Proactive bifurcated attitude', 68751, 'Mathematics', FALSE, '199902070011', 'Mathematics'),
(12, '197803310012', 'Assistant Professor', 'Front-line national challenge, Networked logistical hub, Synchronized value-added standardization, Quality-focused intangible parallelism, User-friendly upward-trending collaboration', 56216, 'Physics', FALSE, '197803310012', 'Physics'),
(13, '197005210013', 'Administrative Staff', NULL, 38598, 'Physics', FALSE, '197005210013', 'Physics'),
(14, '200008110014', 'Professor', 'Operative solution-oriented attitude, Pre-emptive reciprocal installation, Grass-roots 5thgeneration solution', 71051, 'Physics', TRUE, '200008110014', 'Physics'),
(15, '198407080015', 'Lab Assistant', NULL, 29386, 'Computer Science', FALSE, '198407080015', 'Computer Science'),
(16, '200103100016', 'Senior Lecturer', 'Multi-layered didactic intranet, Organic disintermediate hierarchy, Cross-platform systemic hub, Quality-focused secondary help-desk', 58483, 'Electrical Engineering', FALSE, '200103100016', 'Electrical Engineering'),
(17, '200208070017', 'Lab Assistant', NULL, 32517, 'Mathematics', FALSE, '200208070017', 'Mathematics'),
(18, '196408290018', 'Lecturer', 'Centralized hybrid focus group, Ergonomic bottom-line knowledgebase, Cross-group stable data-warehouse', 49040, 'Software Engineering', FALSE, '196408290018', 'Software Engineering'),
(19, '198305010019', 'Administrative Staff', NULL, 39304, 'Software Engineering', FALSE, '198305010019', 'Software Engineering'),
(20, '199002180020', 'Lab Assistant', NULL, 34560, 'Electrical Engineering', FALSE, '199002180020', 'Electrical Engineering'),
(21, '198801260021', 'Teaching Assistant', NULL, 33593, 'Mathematics', FALSE, '198801260021', 'Mathematics'),
(22, '196303130022', 'Administrative Staff', NULL, 43085, 'Computer Science', FALSE, '196303130022', 'Computer Science'),
(23, '196405290023', 'Professor', 'Stand-alone scalable policy, Ameliorated actuating toolset', 75008, 'Mathematics', TRUE, '196405290023', 'Mathematics'),
(24, '199808040024', 'Lab Assistant', NULL, 34771, 'Computer Science', FALSE, '199808040024', 'Computer Science'),
(25, '196204100025', 'Lab Assistant', NULL, 31252, 'Software Engineering', FALSE, '196204100025', 'Software Engineering'),
(26, '199110200026', 'Research Assistant', NULL, 43669, 'Physics', FALSE, '199110200026', 'Physics'),
(27, '195603150027', 'Administrative Staff', NULL, 49103, 'Computer Science', FALSE, '195603150027', 'Computer Science'),
(28, '197712050028', 'Associate Professor', 'Managed dynamic capacity, Re-contextualized demand-driven architecture, Virtual neutral database, Reverse-engineered didactic emulation', 72592, 'Physics', FALSE, '197712050028', 'Physics'),
(29, '196302070029', 'Associate Professor', 'Managed zero-defect circuit, Right-sized 24hour focus group, Digitized clear-thinking moratorium, Function-based context-sensitive budgetary management', 67123, 'Mathematics', FALSE, '196302070029', 'Mathematics'),
(30, '199303250030', 'Research Assistant', NULL, 35053, 'Physics', FALSE, '199303250030', 'Physics'),
(31, '198501220031', 'Administrative Staff', NULL, 47483, 'Mathematics', FALSE, '198501220031', 'Mathematics'),
(32, '196310170032', 'Administrative Staff', NULL, 49952, 'Computer Science', FALSE, '196310170032', 'Computer Science'),
(33, '199309260033', 'Lecturer', 'Switchable 4thgeneration capacity, Advanced heuristic utilization, Front-line optimizing Graphic Interface', 47504, 'Physics', FALSE, '199309260033', 'Physics'),
(34, '199104140034', 'Assistant Professor', 'Ameliorated context-sensitive firmware, Business-focused clear-thinking support', 59813, 'Physics', FALSE, '199104140034', 'Physics'),
(35, '200208150035', 'Research Assistant', NULL, 35319, 'Computer Science', FALSE, '200208150035', 'Computer Science'),
(36, '198807080036', 'Teaching Assistant', NULL, 35038, 'Mathematics', FALSE, '198807080036', 'Mathematics'),
(37, '195909290037', 'Professor', 'Operative multi-tasking budgetary management, User-friendly asymmetric leverage, Organized zero-defect hierarchy', 88591, 'Computer Science', TRUE, '195909290037', 'Computer Science'),
(38, '199701010038', 'Associate Professor', 'Profound optimizing benchmark, Organized motivating definition, Seamless 6thgeneration superstructure, Switchable multi-state framework, Persevering secondary algorithm', 73369, 'Computer Science', FALSE, '199701010038', 'Computer Science'),
(39, '197408090039', 'Administrative Staff', NULL, 47547, 'Mathematics', FALSE, '197408090039', 'Mathematics'),
(40, '198302130040', 'Assistant Professor', 'Centralized mission-critical initiative, Optimized systemic benchmark, Pre-emptive transitional intranet, Compatible attitude-oriented Graphic Interface, Robust client-server architecture', 59007, 'Mathematics', FALSE, '198302130040', 'Mathematics'),
(41, '200103130041', 'Lecturer', 'De-engineered even-keeled process improvement, Sharable optimal neural-net, Universal fresh-thinking implementation, Right-sized multi-tasking frame, Persevering motivating portal', 48470, 'Software Engineering', FALSE, '200103130041', 'Software Engineering'),
(42, '196411090042', 'Senior Lecturer', 'Optional bandwidth-monitored utilization, Total bifurcated projection, Streamlined zero administration neural-net, Up-sized didactic Internet solution', 61537, 'Physics', FALSE, '196411090042', 'Physics'),
(43, '198906120043', 'Research Assistant', NULL, 43479, 'Electrical Engineering', FALSE, '198906120043', 'Electrical Engineering'),
(44, '198304190044', 'Associate Professor', 'Organized discrete installation, Mandatory logistical initiative, Operative upward-trending attitude', 63681, 'Computer Science', FALSE, '198304190044', 'Computer Science'),
(45, '195701080045', 'Teaching Assistant', NULL, 30344, 'Software Engineering', FALSE, '195701080045', 'Software Engineering'),
(46, '199707230046', 'Administrative Staff', NULL, 38770, 'Software Engineering', FALSE, '199707230046', 'Software Engineering'),
(47, '199202210047', 'Senior Lecturer', 'Intuitive interactive functionalities, Synchronized eco-centric hub', 56163, 'Computer Science', FALSE, '199202210047', 'Computer Science'),
(48, '198503310048', 'Senior Lecturer', 'Distributed systemic leverage, Cloned background artificial intelligence', 69834, 'Computer Science', FALSE, '198503310048', 'Computer Science'),
(49, '196408230049', 'Teaching Assistant', NULL, 31160, 'Software Engineering', FALSE, '196408230049', 'Software Engineering'),
(50, '198408170050', 'Senior Lecturer', 'Cross-group intermediate attitude, User-friendly user-facing hub, De-engineered next generation approach, Reverse-engineered next generation open architecture', 65960, 'Electrical Engineering', FALSE, '198408170050', 'Electrical Engineering');

-- Course instances (25 rows)
INSERT INTO course_instance (instance_id, course_code, num_students, study_period, study_year, course_layout_id) VALUES
('CS658P325', 'CS658', 40, 'P3', 2025, 'CS658'),
('CS658VT23', 'CS658', 22, 'VT', 2023, 'CS658'),
('CS381P225', 'CS381', 37, 'P2', 2025, 'CS381'),
('CS338HT23', 'CS338', 39, 'HT', 2023, 'CS338'),
('CS754P220', 'CS754', 35, 'P2', 2020, 'CS754'),
('CS338P221', 'CS338', 22, 'P2', 2021, 'CS338'),
('CS658VT21', 'CS658', 37, 'VT', 2021, 'CS658'),
('CS854H123', 'CS854', 25, 'H1', 2023, 'CS854'),
('CS381VT24', 'CS381', 16, 'VT', 2024, 'CS381'),
('CS754P120', 'CS754', 25, 'P1', 2020, 'CS754'),
('CS854HT23', 'CS854', 40, 'HT', 2023, 'CS854'),
('CS658HT20', 'CS658', 20, 'HT', 2020, 'CS658'),
('CS674P123', 'CS674', 26, 'P1', 2023, 'CS674'),
('CS818H123', 'CS818', 45, 'H1', 2023, 'CS818'),
('CS818P321', 'CS818', 28, 'P3', 2021, 'CS818'),
('CS658P124', 'CS658', 44, 'P1', 2024, 'CS658'),
('CS754H220', 'CS754', 13, 'H2', 2020, 'CS754'),
('CS990VT24', 'CS990', 43, 'VT', 2024, 'CS990'),
('CS854P124', 'CS854', 15, 'P1', 2024, 'CS854'),
('CS854P224', 'CS854', 14, 'P2', 2024, 'CS854'),
('CS990P424', 'CS990', 12, 'P4', 2024, 'CS990'),
('CS990P223', 'CS990', 43, 'P2', 2023, 'CS990'),
('CS338H121', 'CS338', 30, 'H1', 2021, 'CS338'),
('CS658H123', 'CS658', 18, 'H1', 2023, 'CS658'),
('CS132VT22', 'CS132', 14, 'VT', 2022, 'CS132');

-- Planned activities (67 rows)
INSERT INTO planned_activity (instance_id, activity_name, planned_hours, teaching_activity_id, course_instance_id) VALUES
(1, 'Tutorial', 22, 'Tutorial', 'CS658P325'),
(2, 'Lecture', 78, 'Lecture', 'CS658P325'),
(3, 'Project supervision', 43, 'Project supervision', 'CS658VT23'),
(4, 'Lab', 54, 'Lab', 'CS658VT23'),
(5, 'Lab', 57, 'Lab', 'CS381P225'),
(6, 'Seminar', 30, 'Seminar', 'CS381P225'),
(7, 'Course administration', 79, 'Course administration', 'CS338HT23'),
(8, 'Exam grading', 48, 'Exam grading', 'CS338HT23'),
(9, 'Project supervision', 77, 'Project supervision', 'CS338HT23'),
(10, 'Exam grading', 80, 'Exam grading', 'CS754P220'),
(11, 'Seminar', 23, 'Seminar', 'CS754P220'),
(12, 'Seminar', 24, 'Seminar', 'CS338P221'),
(13, 'Lecture', 80, 'Lecture', 'CS338P221'),
(14, 'Seminar', 46, 'Seminar', 'CS658VT21'),
(15, 'Project supervision', 36, 'Project supervision', 'CS658VT21'),
(16, 'Seminar', 36, 'Seminar', 'CS854H123'),
(17, 'Exam grading', 43, 'Exam grading', 'CS854H123'),
(18, 'Project supervision', 72, 'Project supervision', 'CS854H123'),
(19, 'Seminar', 16, 'Seminar', 'CS854H123'),
(20, 'Exam grading', 64, 'Exam grading', 'CS381VT24'),
(21, 'Course administration', 45, 'Course administration', 'CS381VT24'),
(22, 'Lecture', 52, 'Lecture', 'CS754P120'),
(23, 'Course administration', 26, 'Course administration', 'CS754P120'),
(24, 'Seminar', 30, 'Seminar', 'CS854HT23'),
(25, 'Exam grading', 66, 'Exam grading', 'CS854HT23'),
(26, 'Project supervision', 64, 'Project supervision', 'CS854HT23'),
(27, 'Project supervision', 11, 'Project supervision', 'CS854HT23'),
(28, 'Lecture', 29, 'Lecture', 'CS658HT20'),
(29, 'Project supervision', 14, 'Project supervision', 'CS658HT20'),
(30, 'Project supervision', 80, 'Project supervision', 'CS674P123'),
(31, 'Lab', 65, 'Lab', 'CS674P123'),
(32, 'Lab', 15, 'Lab', 'CS674P123'),
(33, 'Seminar', 15, 'Seminar', 'CS818H123'),
(34, 'Seminar', 36, 'Seminar', 'CS818H123'),
(35, 'Exam grading', 41, 'Exam grading', 'CS818H123'),
(36, 'Lecture', 55, 'Lecture', 'CS818P321'),
(37, 'Course administration', 62, 'Course administration', 'CS818P321'),
(38, 'Project supervision', 29, 'Project supervision', 'CS818P321'),
(39, 'Lab', 30, 'Lab', 'CS818P321'),
(40, 'Tutorial', 13, 'Tutorial', 'CS658P124'),
(41, 'Lab', 52, 'Lab', 'CS658P124'),
(42, 'Course administration', 41, 'Course administration', 'CS754H220'),
(43, 'Seminar', 30, 'Seminar', 'CS754H220'),
(44, 'Course administration', 23, 'Course administration', 'CS754H220'),
(45, 'Course administration', 14, 'Course administration', 'CS990VT24'),
(46, 'Course administration', 70, 'Course administration', 'CS990VT24'),
(47, 'Lab', 35, 'Lab', 'CS990VT24'),
(48, 'Seminar', 49, 'Seminar', 'CS854P124'),
(49, 'Course administration', 39, 'Course administration', 'CS854P124'),
(50, 'Lab', 13, 'Lab', 'CS854P124'),
(51, 'Lab', 61, 'Lab', 'CS854P224'),
(52, 'Seminar', 45, 'Seminar', 'CS854P224'),
(53, 'Course administration', 18, 'Course administration', 'CS854P224'),
(54, 'Course administration', 45, 'Course administration', 'CS854P224'),
(55, 'Exam grading', 75, 'Exam grading', 'CS990P424'),
(56, 'Tutorial', 78, 'Tutorial', 'CS990P424'),
(57, 'Seminar', 13, 'Seminar', 'CS990P424'),
(58, 'Seminar', 32, 'Seminar', 'CS990P223'),
(59, 'Project supervision', 43, 'Project supervision', 'CS990P223'),
(60, 'Lecture', 65, 'Lecture', 'CS338H121'),
(61, 'Seminar', 50, 'Seminar', 'CS338H121'),
(62, 'Project supervision', 75, 'Project supervision', 'CS658H123'),
(63, 'Lecture', 59, 'Lecture', 'CS658H123'),
(64, 'Project supervision', 34, 'Project supervision', 'CS658H123'),
(65, 'Lecture', 65, 'Lecture', 'CS132VT22'),
(66, 'Lecture', 76, 'Lecture', 'CS132VT22'),
(67, 'Course administration', 78, 'Course administration', 'CS132VT22');

-- Employee-Course assignments (49 rows)
INSERT INTO employee_course_instance (instance_id, employee_id, course_instance_id) VALUES
(1, 47, 'CS658P325'),
(2, 48, 'CS658P325'),
(3, 43, 'CS658P325'),
(4, 24, 'CS658VT23'),
(5, 5, 'CS381P225'),
(6, 43, 'CS381P225'),
(7, 40, 'CS338HT23'),
(8, 21, 'CS338HT23'),
(9, 8, 'CS754P220'),
(10, 47, 'CS754P220'),
(11, 20, 'CS754P220'),
(12, 20, 'CS338P221'),
(13, 43, 'CS338P221'),
(14, 27, 'CS338P221'),
(15, 26, 'CS658VT21'),
(16, 45, 'CS658VT21'),
(17, 36, 'CS854H123'),
(18, 9, 'CS854H123'),
(19, 27, 'CS381VT24'),
(20, 25, 'CS754P120'),
(21, 44, 'CS754P120'),
(22, 48, 'CS754P120'),
(23, 40, 'CS854HT23'),
(24, 20, 'CS658HT20'),
(25, 26, 'CS658HT20'),
(26, 36, 'CS658HT20'),
(27, 20, 'CS674P123'),
(28, 14, 'CS818H123'),
(29, 28, 'CS818H123'),
(30, 39, 'CS818P321'),
(31, 42, 'CS818P321'),
(32, 21, 'CS818P321'),
(33, 29, 'CS658P124'),
(34, 44, 'CS658P124'),
(35, 33, 'CS754H220'),
(36, 48, 'CS990VT24'),
(37, 11, 'CS990VT24'),
(38, 6, 'CS854P124'),
(39, 19, 'CS854P124'),
(40, 33, 'CS854P124'),
(41, 41, 'CS854P224'),
(42, 40, 'CS854P224'),
(43, 22, 'CS854P224'),
(44, 49, 'CS990P424'),
(45, 44, 'CS990P223'),
(46, 15, 'CS338H121'),
(47, 13, 'CS338H121'),
(48, 2, 'CS658H123'),
(49, 16, 'CS132VT22');

-- Commit transaction
COMMIT;